{
    "id": 2,
    "ratio": 0.06842968850192396,
    "width": 22.99237533664645,
    "height": 17.997008076006,
    "numberofgates": 0
}