{"testtracks": [{"id": 0, "ratio": 0.0744322927564787, "width": 12.727922061357857, "height": 16.67283357745123, "numberofgates": 1, "gate1": [{"distance1": 136, "distance2": 87}]}, {"id": 0, "ratio": 0.07314897736412561, "width": 12.508475129265479, "height": 13.386262857634986, "numberofgates": 1, "gate1": [{"distance1": 137, "distance2": 87}]}]}